soniya,bildirishnoma,dlq,tolov
1.1,0,0,0
2.5,0,0,0
4.0,0,0,0
5.6,200,0,200
7.0,200,0,200
8.5,200,0,200
9.9,200,0,200
11.4,200,0,200
12.9,200,0,200
14.3,200,0,200
15.8,200,0,200
17.3,200,0,200
18.8,199,0,199
20.2,184,0,185
21.7,170,0,170
23.2,155,0,155
24.7,140,0,141
26.2,125,0,126
27.6,111,0,111
29.2,96,0,96
30.6,81,0,81
32.1,66,0,67
33.6,52,0,52
35.0,38,0,38
36.5,22,0,23
38.0,8,0,8
39.5,0,0,0
41.0,0,0,0
42.4,0,0,0
43.9,0,0,0
45.4,0,0,0
46.9,0,0,0
48.4,0,0,0
49.9,0,0,0
51.3,0,0,0
52.8,0,0,0
54.2,0,0,0
55.7,0,0,0
57.2,0,0,0
58.7,0,0,0
60.2,0,0,0
61.6,0,0,0
63.1,0,0,0
64.6,0,0,0
